Security Code,Date,Opening Price,High Sale Price,Low Sale Price,Closing Price,Total Volume Traded
APT,29 Jun 2017,2.7,2.7,2.65,2.7,53203
APT,30 Jun 2017,2.68,2.95,2.68,2.95,21668
APT,03 Jul 2017,3.02,3.08,3,3,61756
APT,04 Jul 2017,3,3.02,2.99,3,64658
APT,05 Jul 2017,3,3.2,2.99,3.18,443935
APT,06 Jul 2017,3.2,3.2,3.13,3.15,308738
APT,07 Jul 2017,3.15,3.18,3.06,3.11,261677
APT,10 Jul 2017,3.15,3.15,2.85,2.93,431289
APT,11 Jul 2017,2.89,3.07,2.89,3.01,274609
APT,12 Jul 2017,3,3.05,3,3.03,153241
APT,13 Jul 2017,3.03,3.13,3.03,3.05,1064230
APT,14 Jul 2017,3.06,3.14,3.06,3.1,617484
APT,17 Jul 2017,3.1,3.1,3.06,3.09,283953
APT,18 Jul 2017,3.08,3.1,3.07,3.1,182952
APT,19 Jul 2017,3.11,3.11,3.09,3.1,338625
APT,07 Feb 2018,6.92,7.26,6.8,6.86,1704339
APT,06 Mar 2018,7.43,7.55,7.3,7.54,1145431
APT,18 Feb 2019,19.01,19.21,18.66,18.87,1507171
APT,08 Feb 2019,17.28,17.28,16.71,17.1,1643019
APT,06 Feb 2019,17.16,17.74,17.15,17.67,2162368
APT,25 Jan 2019,15.7,16.35,15.5,16.24,2241637
APT,16 Jan 2019,13.6,14.045,13.56,13.92,1523921
APT,11 Jan 2019,13.75,13.89,13.28,13.53,936357
APT,08 Jan 2019,12.93,13.24,12.57,13.18,1776725
APT,04 Jan 2019,11.8,12.25,11.74,12.08,966956
APT,27 Dec 2018,12.27,12.58,12.25,12.42,1578944
APT,14 Dec 2018,13.05,13.13,12.12,12.3,1491769
APT,30 Oct 2018,11.15,12.53,10.87,12.37,2235516
APT,24 Oct 2018,13,13.19,12.21,12.26,1244982
APT,19 Oct 2018,12.84,12.86,12.27,12.5,2287284
APT,17 Oct 2018,15.1,15.12,11.1,11.35,7278782
APT,11 Oct 2018,14.48,14.6,13.58,13.76,4991010
APT,10 Oct 2018,15.93,15.93,15.35,15.47,1895062
APT,09 Oct 2018,16.7,16.75,15.54,15.97,2641212
APT,08 Oct 2018,17.68,17.68,16.29,16.73,1962499
APT,28 Sep 2018,17.95,18.5,17.82,17.95,2053325
APT,07 Sep 2018,15.44,15.8,14.95,15,3874902
APT,04 Sep 2018,17.65,17.99,17.09,17.37,2124604
APT,31 Aug 2018,17.5,18.72,17.26,18.13,3015263
APT,24 Aug 2018,22.01,23,19.4,19.69,5486258
APT,23 Aug 2018,18.55,18.55,18.55,18.55,0
APT,20 Aug 2018,16.98,17.7,16.8,17.5,2779380
APT,17 Aug 2018,16.35,16.87,16.3,16.61,1726270
APT,13 Aug 2018,14.6,14.79,14.16,14.27,945136
APT,09 Aug 2018,14.75,14.86,14.18,14.3,1049047
APT,08 Aug 2018,14.65,14.95,14.44,14.66,1304677
APT,06 Aug 2018,14.61,14.77,14.2,14.31,952571
APT,03 Aug 2018,13.91,14.47,13.82,14.31,1371118
APT,02 Aug 2018,14.09,14.45,13.72,13.75,1821693
APT,31 Jul 2018,14.52,14.54,13.8,14.18,1352086
APT,30 Jul 2018,14.45,14.89,14.26,14.51,986736
APT,27 Jul 2018,13.9,14.62,13.49,14.39,1534223
APT,26 Jul 2018,14.8,14.8,13.9,13.99,2149825
APT,24 Jul 2018,15,15.18,14.4,14.43,2388144
APT,16 Jul 2018,11.01,11.11,10.6,10.75,1796733
APT,12 Jul 2018,10.5,10.97,10.45,10.85,1646554
APT,09 Jul 2018,10,10.35,9.89,10.25,1414006
APT,04 Jul 2018,9.41,9.98,9.09,9.91,1853362
APT,02 Jul 2018,9.42,9.77,9.42,9.55,1650001
APT,22 Jun 2018,8.97,8.98,8.56,8.72,1225666
APT,21 Jun 2018,9.07,9.17,8.93,8.98,1380780
APT,14 Jun 2018,8.45,9.08,8.41,9.08,2287478
APT,26 Apr 2019,24,24.5,23.51,23.82,1270740
APT,13 Jun 2018,8.46,8.55,8.41,8.43,1145450
APT,07 Jun 2018,8.26,8.28,7.8,8.18,1233713
APT,01 Jun 2018,7.8,8.11,7.62,7.7,1478917
APT,31 May 2018,7.48,7.82,7.48,7.82,1822682
APT,30 May 2018,7.75,7.78,7.38,7.4,1367064
APT,29 May 2018,7.75,7.9,7.73,7.79,1098229
APT,28 May 2018,7.71,7.83,7.65,7.7,1139188
APT,24 May 2018,7.28,7.58,7.25,7.42,2551701
APT,22 May 2018,7.1,7.36,6.9,7.17,1808029
APT,17 May 2018,7.27,7.5,7.19,7.27,1306359
APT,15 May 2018,7.16,7.68,7.16,7.45,3130223
APT,11 May 2018,7,7.03,6.6,6.84,766963
APT,10 May 2018,7.07,7.32,6.85,7,1454210
APT,09 May 2018,6.47,7.03,6.46,6.98,1454490
APT,07 May 2018,6.21,6.37,6.21,6.3,1132161
APT,04 May 2018,6.2,6.29,6.12,6.17,747459
APT,03 May 2018,5.96,6.2,5.89,6.2,786834
APT,02 May 2018,5.96,5.99,5.92,5.95,443948
APT,01 May 2018,5.98,5.98,5.84,5.93,717109
APT,30 Apr 2018,5.99,6.03,5.78,5.99,435720
APT,27 Apr 2018,5.78,5.95,5.77,5.95,503566
APT,26 Apr 2018,5.65,5.875,5.6,5.75,719775
APT,24 Apr 2018,5.46,5.61,5.41,5.57,341434
APT,23 Apr 2018,5.7,5.73,5.39,5.43,1035923
APT,20 Apr 2018,5.71,5.78,5.63,5.64,611474
APT,19 Apr 2018,6.1,6.14,5.65,5.65,672767
APT,18 Apr 2018,5.98,6.15,5.92,6,981592
APT,16 Apr 2018,5.61,5.78,5.58,5.62,464618
APT,13 Apr 2018,5.33,5.68,5.33,5.59,953382
APT,12 Apr 2018,5.45,5.46,5.26,5.35,2287078
APT,10 Apr 2018,5.52,6.04,5.43,5.94,1322093
APT,09 Apr 2018,5.49,5.6,5.425,5.47,785746
APT,06 Apr 2018,5.8,5.82,5.32,5.45,2006742
APT,05 Apr 2018,5.7,5.95,5.7,5.8,1516288
APT,04 Apr 2018,6,6,5.43,5.65,3988311
APT,03 Apr 2018,6.35,6.4,5.93,6,1743780
APT,29 Mar 2018,6.76,6.77,6.44,6.44,911608
APT,27 Mar 2018,6.86,6.92,6.74,6.76,965691
APT,26 Mar 2018,7.02,7.08,6.69,6.7,1885478
APT,23 Mar 2018,6.9,7.13,6.83,7.13,1861884
APT,22 Mar 2018,7.22,7.29,7,7.15,721280
APT,20 Mar 2018,6.71,6.96,6.33,6.93,2731773
APT,19 Mar 2018,7.32,7.41,6.81,6.88,2367687
APT,16 Mar 2018,7.57,7.615,7.285,7.32,5299119
APT,13 Mar 2018,7.87,7.87,7.76,7.8,1185352
APT,12 Mar 2018,7.92,8,7.71,7.8,2764374
APT,08 Mar 2018,7.7,7.77,7.665,7.68,1385011
APT,07 Mar 2018,7.58,7.76,7.49,7.68,2161187
APT,02 Mar 2018,7.05,7.29,6.98,7.19,1357658
APT,01 Mar 2018,7.19,7.2,6.98,7.1,1167506
APT,28 Feb 2018,7.04,7.325,6.9,7.23,871222
APT,26 Feb 2018,7.23,7.4,7.08,7.12,850555
APT,20 Feb 2018,6.65,6.94,6.63,6.94,1004336
APT,16 Feb 2018,6.75,6.87,6.73,6.75,913813
APT,14 Feb 2018,6.6,6.67,6.51,6.59,712100
APT,12 Feb 2018,6.6,6.79,6.26,6.33,1376471
APT,08 Feb 2018,6.99,7.01,6.8,6.85,969329
APT,06 Feb 2018,6.61,6.89,6.4,6.45,2100513
APT,05 Feb 2018,7.13,7.35,7,7.05,1391198
APT,02 Feb 2018,7.5,7.65,7.5,7.55,668482
APT,01 Feb 2018,7.36,7.7,7.36,7.58,499403
APT,31 Jan 2018,7.47,7.47,7.11,7.36,819374
APT,30 Jan 2018,7.71,7.74,7.51,7.52,744821
APT,29 Jan 2018,7.8,7.83,7.71,7.71,961133
APT,24 Jan 2018,7.77,7.82,7.71,7.71,648927
APT,22 Jan 2018,7.54,7.785,7.52,7.7,1213540
APT,18 Jan 2018,7.89,7.95,7.4,7.5,2000631
APT,16 Jan 2018,6.6,7.62,6.56,7.62,3209506
APT,12 Jan 2018,6.45,6.53,6.44,6.5,825978
APT,11 Jan 2018,6.43,6.56,6.31,6.43,768625
APT,10 Jan 2018,6.67,6.68,6.33,6.46,976465
APT,09 Jan 2018,6.77,6.82,6.58,6.66,986523
APT,08 Jan 2018,6.75,7,6.57,6.6,931497
APT,05 Jan 2018,6.39,6.79,6.39,6.65,1069829
APT,04 Jan 2018,6.3,6.4,6.3,6.35,356236
APT,03 Jan 2018,6.5,6.55,6.2,6.26,775104
APT,02 Jan 2018,6,6.31,6,6.26,859627
APT,29 Dec 2017,6.04,6.04,5.955,5.97,289829
APT,28 Dec 2017,6.04,6.055,5.98,6.04,385592
APT,27 Dec 2017,5.99,6.02,5.93,6.02,289408
APT,22 Dec 2017,6,6.07,5.9,5.91,967198
APT,21 Dec 2017,5.89,5.95,5.81,5.9,1893264
APT,15 Dec 2017,5.21,5.3,5.15,5.3,1275737
APT,14 Dec 2017,5.2,5.27,5.16,5.2,346987
APT,12 Dec 2017,5.19,5.27,5.19,5.26,1165229
APT,11 Dec 2017,5.16,5.21,5.13,5.17,857205
APT,07 Dec 2017,4.99,5.13,4.93,5.05,612296
APT,06 Dec 2017,5.16,5.23,4.9,4.92,1282487
APT,05 Dec 2017,5.23,5.42,5.12,5.16,1555705
APT,04 Dec 2017,5.1,5.29,5.05,5.16,2160427
APT,01 Dec 2017,5.01,5.12,4.75,4.8,1094218
APT,30 Nov 2017,5.12,5.15,4.975,5,3764664
APT,29 Nov 2017,5.1,5.24,4.95,5.08,841097
APT,28 Nov 2017,4.95,5.24,4.81,5.2,1401445
APT,27 Nov 2017,5.3,5.3,4.7,4.92,1894460
APT,23 Nov 2017,5.65,5.65,5.35,5.36,946950
APT,21 Nov 2017,5.72,5.76,5.62,5.71,656948
APT,17 Nov 2017,5.5,5.6,5.43,5.46,909212
APT,15 Nov 2017,5.84,5.85,5.6,5.79,708453
APT,13 Nov 2017,5.71,5.97,5.7,5.94,926094
APT,07 Nov 2017,5.55,5.7,5.38,5.42,907752
APT,06 Nov 2017,5.26,5.51,5.23,5.49,1070372
APT,30 Oct 2017,5.45,5.48,5.15,5.3,740823
APT,05 Oct 2017,4.22,4.23,4.12,4.13,448199
APT,04 Oct 2017,4.2,4.25,4.15,4.22,321997
APT,26 Sep 2017,4.22,4.23,4.07,4.15,594756
APT,21 Sep 2017,4.34,4.44,4.3,4.34,820437
APT,14 Aug 2017,2.96,3.04,2.95,3.04,232646
APT,08 Aug 2017,3.07,3.07,3.03,3.05,266708
APT,04 Aug 2017,3.07,3.08,3.02,3.07,80827
APT,19 Feb 2019,18.99,19.2,18.77,18.92,1864921
APT,20 Feb 2019,18.95,19.19,16.9,17.44,3912120
APT,15 Feb 2019,18.37,18.79,18.3,18.57,1764888
APT,14 Feb 2019,17.55,18.49,17.53,18.36,2106189
APT,13 Feb 2019,18,18.09,17.51,17.59,1528911
APT,12 Feb 2019,17.26,17.85,17.14,17.8,1455030
APT,11 Feb 2019,17.25,17.55,16.93,17.14,938792
APT,07 Feb 2019,17.83,18,17.31,17.58,2325561
APT,05 Feb 2019,16.58,17.06,16.57,16.86,2361773
APT,04 Feb 2019,16.26,16.67,16.17,16.35,1227648
APT,01 Feb 2019,16.11,16.53,15.96,16.21,1938245
APT,31 Jan 2019,16,16.18,15.88,15.91,1490627
APT,30 Jan 2019,16,16.27,15.65,15.72,1184069
APT,29 Jan 2019,16.2,16.48,15.64,15.71,1605778
APT,24 Jan 2019,15.57,15.94,15.17,15.6,1999775
APT,23 Jan 2019,15,15.73,15,15.24,1925171
APT,22 Jan 2019,15.26,15.76,14.92,15.25,1919161
APT,21 Jan 2019,16.48,16.97,15.19,15.25,4785592
APT,18 Jan 2019,15.45,16.415,15.1,16.1,7247455
APT,17 Jan 2019,14.06,14.45,14.06,14.25,1739490
APT,15 Jan 2019,13.15,13.6,13.05,13.57,1349917
APT,14 Jan 2019,13.36,13.63,12.86,13.05,929159
APT,10 Jan 2019,13.79,13.97,13.45,13.7,1318436
APT,09 Jan 2019,13.26,13.74,13.26,13.6,1389882
APT,28 Feb 2019,17.7,18.56,17.65,18.44,4147040
APT,07 Jan 2019,12.45,12.97,12.35,12.94,1918683
APT,03 Jan 2019,12,12.13,11.71,11.98,1092947
APT,02 Jan 2019,12.4,12.67,11.78,12,2001990
APT,31 Dec 2018,12.25,12.65,12.22,12.4,1206193
APT,28 Dec 2018,12.5,12.5,11.99,12.14,900712
APT,12 Nov 2019,29.03,29.79,28.76,29.19,2717667
APT,13 Nov 2019,31.1,31.98,27.81,29.37,4944505
APT,14 Nov 2019,30.15,31.98,30.14,31.57,5269722
APT,15 Nov 2019,31.79,33.28,31.5,32.91,2536882
APT,18 Nov 2019,33.1,33.43,31.7,32.25,2193662
APT,19 Nov 2019,32.3,32.4,30.88,31.34,2338193
APT,20 Nov 2019,31.27,31.78,30.76,31.5,1284070
APT,21 Nov 2019,31.32,31.45,30.22,30.4,1329740
APT,22 Nov 2019,30.85,31.28,30.38,30.49,851145
APT,25 Nov 2019,32.26,34.05,31.85,32.64,2450396
APT,26 Nov 2019,33.4,33.47,32.05,32.19,1586379
APT,27 Nov 2019,32.2,32.3,31.22,32.08,1190157
APT,28 Nov 2019,32.24,32.7,32.14,32.49,1201927
APT,29 Nov 2019,32.32,33.13,31.57,31.6,1946923
APT,02 Dec 2019,31.64,31.71,30.56,31.17,1588686
APT,03 Dec 2019,30.6,30.7,30.11,30.47,1340809
APT,04 Dec 2019,29.8,30.02,28.78,29.08,1982953
APT,05 Dec 2019,29.7,31.86,29.58,29.75,2207618
APT,06 Dec 2019,29.9,29.97,28.93,29.9,1358291
APT,09 Dec 2019,30,30.3,29.35,29.88,1302705
APT,10 Dec 2019,29.59,30.08,29,29.88,925723
APT,11 Dec 2019,30.03,30.09,29.21,29.47,869893
APT,12 Dec 2019,29.46,29.49,28.71,28.87,855076
APT,13 Dec 2019,28.88,29.15,28.35,28.7,875476
APT,16 Dec 2019,28.57,29.5,28.39,29.26,978332
APT,17 Dec 2019,29.5,30.06,28.7,28.79,905542
APT,18 Dec 2019,28.75,29.54,28.58,29.1,1001232
APT,19 Dec 2019,29.42,29.8,28.69,28.78,1417375
APT,20 Dec 2019,29,29.42,28.62,29.27,1420410
APT,23 Dec 2019,29.3,29.74,28.74,29.48,1092843
APT,24 Dec 2019,29.5,29.76,29.05,29.2,568100
APT,27 Dec 2019,29.6,30.71,29.48,30.58,880495
APT,04 Mar 2019,20.12,21.09,19.84,19.99,4195254
APT,24 Dec 2018,11.67,11.98,11.36,11.71,1057865
APT,21 Dec 2018,11.81,12.1,11.6,11.76,2041071
APT,20 Dec 2018,11.69,12.24,11.6,11.87,1467048
APT,19 Dec 2018,12.25,12.4,11.81,11.98,1427227
APT,18 Dec 2018,12.24,12.48,12.1,12.12,1948733
APT,17 Dec 2018,12.01,12.87,11.86,12.84,1429343
APT,05 Mar 2019,19.9,20.63,19.63,19.9,2399799
APT,13 Dec 2018,12.7,13.265,12.61,13.05,1020297
APT,12 Dec 2018,12.03,12.7,11.97,12.55,1066943
APT,11 Dec 2018,12.45,12.5,11.9,11.97,1427965
APT,10 Dec 2018,12.48,12.48,11.87,11.97,1671937
APT,07 Dec 2018,12.85,13.21,12.63,12.69,1666189
APT,06 Dec 2018,13.68,13.68,12.89,12.96,1622412
APT,05 Dec 2018,12.9,13.8,12.79,13.69,1787706
APT,04 Dec 2018,14.2,14.4,13.6,13.69,1894314
APT,03 Dec 2018,14.85,14.97,14.06,14.06,2197942
APT,30 Nov 2018,13.86,14.65,13.61,14.42,3261982
APT,29 Nov 2018,13.4,13.96,12.99,13.87,3080853
APT,28 Nov 2018,13.6,14.29,12.6,12.76,5527570
APT,27 Nov 2018,12.32,13.11,12.19,12.97,3015299
APT,26 Nov 2018,11.34,12.2,11.34,11.94,1456208
APT,23 Nov 2018,11.11,11.36,10.98,11.29,573162
APT,22 Nov 2018,10.9,11.39,10.86,11.12,1321656
APT,21 Nov 2018,10.71,10.79,10.36,10.63,2707161
APT,20 Nov 2018,11.45,11.45,11.13,11.2,2305685
APT,19 Nov 2018,12.98,12.99,11.6,11.76,2218951
APT,16 Nov 2018,11.95,13.49,11.52,12.89,3254336
APT,15 Nov 2018,11.5,11.78,11.32,11.69,1480490
APT,14 Nov 2018,11.92,12.12,11.52,11.54,1953738
APT,13 Nov 2018,11.8,12.05,11.51,11.75,2554694
APT,12 Nov 2018,12.98,13.29,12.48,12.5,1810259
APT,09 Nov 2018,13.8,13.97,13.195,13.49,2473192
APT,08 Nov 2018,14.03,14.99,14.01,14.45,2825174
APT,07 Nov 2018,13.05,13.2,12.5,13.01,1081864
APT,06 Nov 2018,12.9,13.31,12.67,13,990138
APT,05 Nov 2018,13.1,13.49,12.75,12.9,1149903
APT,02 Nov 2018,13.09,13.725,12.8,13.08,1956832
APT,01 Nov 2018,12.91,13,12.6,12.96,1435796
APT,31 Oct 2018,12.75,13.09,12.01,12.49,1972445
APT,29 Oct 2018,11.5,11.7,11.06,11.31,1938463
APT,26 Oct 2018,12.04,12.45,11.3,11.37,2084318
APT,25 Oct 2018,11.88,11.93,11.58,11.72,2126303
APT,23 Oct 2018,13,13.25,12.63,12.64,1132574
APT,22 Oct 2018,12.42,13.05,12.17,12.85,1616905
APT,08 Mar 2019,19,19.82,18.62,19.63,3000793
APT,18 Oct 2018,12.48,13.5,12.02,12.95,5830555
APT,16 Oct 2018,13.85,14.08,13.31,14,2224697
APT,15 Oct 2018,15.06,15.32,13.68,13.77,2686002
APT,12 Oct 2018,13.7,15.25,13.6,14.75,3278340
APT,12 Mar 2019,20.54,20.965,20.35,20.75,2440256
APT,13 Mar 2019,20.7,20.81,20.01,20.16,1583258
APT,05 Oct 2018,17.75,18.06,17.2,17.7,1246626
APT,04 Oct 2018,18.04,18.4,17.6,17.74,1347418
APT,03 Oct 2018,17.44,17.86,17.19,17.82,774605
APT,02 Oct 2018,17.53,17.82,17.24,17.43,810212
APT,01 Oct 2018,17.99,18.14,17.32,17.39,911431
APT,27 Sep 2018,17.25,17.85,16.7,17.8,1846039
APT,26 Sep 2018,16.24,17,16.16,16.97,1524296
APT,25 Sep 2018,16.16,16.2,15.65,16,1098727
APT,24 Sep 2018,16,16.45,15.86,16.23,1622339
APT,21 Sep 2018,15.25,15.97,15.13,15.82,4234095
APT,20 Sep 2018,15.56,15.79,15.07,15.1,2579799
APT,19 Sep 2018,16.1,16.28,15.59,15.7,2432966
APT,18 Sep 2018,16.7,16.7,15.44,15.94,2418929
APT,17 Sep 2018,17.27,17.4,16.7,16.8,1379183
APT,14 Sep 2018,16.91,17.29,16.57,17.27,1592616
APT,13 Sep 2018,17.24,17.48,16.5,16.57,1300503
APT,12 Sep 2018,17.3,17.5,16.645,17.06,1737506
APT,11 Sep 2018,16.5,17.26,16.49,17.08,3308922
APT,10 Sep 2018,15,16.47,14.9,16.11,3000323
APT,06 Sep 2018,16.52,16.58,15.32,16,3844401
APT,05 Sep 2018,17.5,17.78,16.51,16.72,2533558
APT,20 Mar 2019,20.45,20.96,20.25,20.76,1301108
APT,03 Sep 2018,18.11,18.94,17.56,17.65,2687012
APT,21 Mar 2019,20.61,21,20.38,20.5,1144664
APT,30 Aug 2018,18.76,19.1,17.71,18.02,3527968
APT,29 Aug 2018,19.95,19.98,18.85,18.95,2981605
APT,28 Aug 2018,21.34,21.48,19.62,19.95,3799810
APT,27 Aug 2018,20,21.42,19.99,21.13,3508124
APT,22 Aug 2018,18.21,18.83,17.83,18.55,3131120
APT,21 Aug 2018,17.5,18.31,17.5,17.92,2221511
APT,16 Aug 2018,16.15,16.63,15.89,16.25,1724364
APT,15 Aug 2018,15.14,16.42,15.14,16.39,2701930
APT,14 Aug 2018,14.62,15.25,14.27,15.1,2346781
APT,28 Mar 2019,19.95,20.64,19.71,20.42,1185503
APT,10 Aug 2018,14.37,14.65,14.21,14.57,811038
APT,07 Aug 2018,14.39,14.7,14.31,14.55,1064451
APT,03 Apr 2019,23.7,24.13,23.05,23.31,1792238
APT,01 Aug 2018,14.26,14.5,13.8,13.82,1527731
APT,25 Jul 2018,14.47,15.05,14.46,14.75,1808799
APT,23 Jul 2018,14.98,15.64,14.63,15.04,4010302
APT,20 Jul 2018,14.25,16.19,13.9,14.38,6703068
APT,19 Jul 2018,11,13.84,10.98,13.53,6194507
APT,18 Jul 2018,10.53,11,10.52,10.92,1086105
APT,17 Jul 2018,10.65,10.74,10.36,10.44,1110609
APT,13 Jul 2018,11.07,11.4,10.94,10.98,2074322
APT,11 Jul 2018,10.43,10.55,10.3,10.4,1285223
APT,10 Jul 2018,10.35,10.67,10.31,10.4,1894696
APT,06 Jul 2018,9.95,10.13,9.8,9.95,1172641
APT,05 Jul 2018,10.08,10.08,9.73,9.92,1194539
APT,03 Jul 2018,9.65,9.87,9.26,9.44,1434311
APT,29 Jun 2018,8.97,9.52,8.915,9.35,3454051
APT,28 Jun 2018,8.91,8.92,8.49,8.59,973755
APT,27 Jun 2018,8.75,8.97,8.73,8.94,825663
APT,26 Jun 2018,8.8,8.85,8.64,8.76,726213
APT,25 Jun 2018,8.74,8.92,8.65,8.87,812350
APT,23 Apr 2019,22.86,23.455,22.7,22.93,1549149
APT,24 Apr 2019,23.38,23.84,22.94,23.75,2034162
APT,20 Jun 2018,8.84,8.94,8.7,8.81,1233112
APT,19 Jun 2018,8.95,9,8.7,8.8,1203052
APT,18 Jun 2018,9.18,9.18,8.68,8.9,1264673
APT,15 Jun 2018,9.15,9.47,9.09,9.12,7692899
APT,29 Apr 2019,23.86,25.04,23.85,24.92,1469569
APT,12 Jun 2018,8.45,8.6,8.375,8.44,1793412
APT,08 Jun 2018,8.2,8.47,8,8.36,2311117
APT,01 May 2019,25.9,27.48,25.8,27.3,2625303
APT,06 Jun 2018,8.54,8.62,7.74,8.15,3733652
APT,05 Jun 2018,8.4,8.78,8.31,8.54,2326679
APT,04 Jun 2018,7.9,8.15,7.8,8.15,1253404
APT,02 May 2019,27.4,28.2,26.38,26.86,2202487
APT,03 May 2019,27.75,28.25,27.13,27.65,2208004
APT,25 May 2018,7.5,7.725,7.4,7.68,1543933
APT,23 May 2018,7.19,7.2,7.06,7.2,717945
APT,21 May 2018,7.07,7.17,7.02,7.04,786979
APT,18 May 2018,7.27,7.35,7.06,7.07,694833
APT,16 May 2018,7.5,7.51,7.03,7.25,1743474
APT,14 May 2018,6.85,6.98,6.85,6.96,466059
APT,08 May 2018,6.31,6.48,6.245,6.45,712722
APT,21 May 2019,25.69,25.795,24.6,24.7,2760044
APT,17 Apr 2018,5.72,5.98,5.7,5.91,594689
APT,07 Jun 2019,23.5,24.37,22.95,24.17,2484087
APT,11 Apr 2018,6,6.18,5.49,5.6,2488741
APT,28 Mar 2018,6.7,6.9,6.65,6.77,630180
APT,21 Mar 2018,7,7.3,7,7.15,1442222
APT,15 Mar 2018,7.78,7.78,7.32,7.57,1852050
APT,14 Mar 2018,7.8,7.82,7.63,7.7,1174958
APT,02 Jul 2019,24.6,26.44,24.595,26.09,3406263
APT,09 Mar 2018,7.74,7.93,7.67,7.8,1906616
APT,05 Jul 2019,27,27.24,26.1,26.84,2143651
APT,05 Mar 2018,7.2,7.37,7.03,7.36,1053014
APT,27 Feb 2018,7.25,7.3,6.8,6.96,1180916
APT,23 Feb 2018,7.63,7.65,7,7.19,1161579
APT,22 Feb 2018,7.75,7.97,7.4,7.53,2841582
APT,21 Feb 2018,7,7.58,7,7.39,1918842
APT,19 Feb 2018,6.86,6.87,6.62,6.62,463008
APT,15 Feb 2018,6.69,6.77,6.65,6.68,632894
APT,13 Feb 2018,6.5,6.76,6.46,6.46,1072733
APT,09 Feb 2018,6.67,6.77,6.5,6.6,1292880
APT,23 Jul 2019,23.67,24.72,23.65,24.68,1217010
APT,25 Jan 2018,7.73,7.8,7.71,7.72,494897
APT,23 Jan 2018,7.73,7.84,7.72,7.76,1284407
APT,19 Jan 2018,7.6,7.6,7.48,7.49,836463
APT,01 Aug 2019,26.55,27.145,25.86,26.54,920158
APT,17 Jan 2018,8.01,8.16,7.71,7.8,2661564
APT,02 Aug 2019,26.43,26.74,25.49,25.49,1220322
APT,15 Jan 2018,6.55,6.6,6.51,6.52,619928
APT,12 Aug 2019,23.68,24.08,23.43,23.72,2296941
APT,15 Aug 2019,23.13,23.7,22.78,22.86,2937430
APT,16 Aug 2019,23.02,23.94,23.02,23.26,2586090
APT,20 Dec 2017,5.57,5.74,5.54,5.68,1061508
APT,19 Dec 2017,5.37,5.6,5.31,5.56,1143693
APT,18 Dec 2017,5.33,5.44,5.27,5.33,661304
APT,13 Dec 2017,5.27,5.29,5.1,5.15,1072477
APT,08 Dec 2017,5.05,5.21,5.01,5.14,945418
APT,03 Sep 2019,31,32.13,30.87,31.93,1415938
APT,09 Sep 2019,34.13,34.28,33.03,33.87,2145949
APT,24 Nov 2017,5.37,5.37,5.1,5.23,1174816
APT,22 Nov 2017,5.7,5.78,5.61,5.65,645230
APT,20 Nov 2017,5.44,5.8,5.44,5.72,1013108
APT,16 Nov 2017,5.38,5.62,5.23,5.5,3215509
APT,14 Nov 2017,6,6,5.72,5.8,775202
APT,10 Nov 2017,5.48,5.73,5.47,5.62,807391
APT,09 Nov 2017,5.49,5.53,5.37,5.47,484568
APT,08 Nov 2017,5.49,5.63,5.43,5.43,628754
APT,03 Nov 2017,5.18,5.25,5.16,5.2,1070104
APT,02 Nov 2017,5.2,5.27,5.135,5.15,802812
APT,01 Nov 2017,5.22,5.3,5.1,5.17,993719
APT,31 Oct 2017,5.3,5.3,5.09,5.2,610370
APT,27 Oct 2017,5.4,5.55,5.355,5.37,545824
APT,26 Oct 2017,5.45,5.45,5.18,5.37,530154
APT,25 Oct 2017,5.45,5.5,5.43,5.45,441897
APT,24 Oct 2017,5.53,5.59,5.33,5.44,986573
APT,23 Oct 2017,5.44,5.62,5.44,5.5,917243
APT,20 Oct 2017,5.39,5.44,5.2,5.43,1099071
APT,19 Oct 2017,5.28,5.54,5.28,5.39,2113955
APT,18 Oct 2017,5.05,5.29,4.86,5.18,2406430
APT,17 Oct 2017,4.38,4.7,4.38,4.7,1213131
APT,16 Oct 2017,4.33,4.37,4.3,4.33,367510
APT,13 Oct 2017,4.37,4.37,4.29,4.32,332867
APT,12 Oct 2017,4.32,4.38,4.32,4.37,411282
APT,11 Oct 2017,4.31,4.35,4.21,4.3,301782
APT,10 Oct 2017,4.36,4.38,4.23,4.29,296042
APT,09 Oct 2017,4.3,4.47,4.27,4.34,294785
APT,06 Oct 2017,4.16,4.3,4.15,4.27,207375
APT,03 Oct 2017,4.33,4.38,4.17,4.2,469718
APT,02 Oct 2017,4.23,4.33,4.2,4.31,221777
APT,29 Sep 2017,4.14,4.21,4.09,4.18,303129
APT,28 Sep 2017,4.18,4.18,4.03,4.08,1669989
APT,27 Sep 2017,4.36,4.4,4.1,4.11,1097857
APT,25 Sep 2017,4.32,4.35,4.25,4.25,452671
APT,22 Sep 2017,4.36,4.4,4.27,4.3,352502
APT,20 Sep 2017,4.36,4.39,4.27,4.28,382973
APT,19 Sep 2017,4.25,4.46,4.23,4.34,651779
APT,18 Sep 2017,4.45,4.48,4.26,4.28,535685
APT,15 Sep 2017,4.6,4.63,4.44,4.45,2700843
APT,14 Sep 2017,4.48,4.75,4.48,4.6,1595031
APT,13 Sep 2017,4.15,4.42,4.15,4.38,1908638
APT,12 Sep 2017,3.87,4,3.87,4,525505
APT,11 Sep 2017,3.88,3.88,3.85,3.87,301910
APT,08 Sep 2017,3.85,3.88,3.81,3.87,468070
APT,07 Sep 2017,3.82,3.84,3.78,3.8,692996
APT,06 Sep 2017,3.83,3.84,3.79,3.8,931283
APT,05 Sep 2017,3.84,3.85,3.77,3.84,502613
APT,04 Sep 2017,3.89,3.89,3.8,3.85,381518
APT,01 Sep 2017,3.84,3.9,3.82,3.86,1212541
APT,31 Aug 2017,3.7,3.89,3.66,3.77,1433269
APT,30 Aug 2017,3.58,3.73,3.57,3.66,1929362
APT,29 Aug 2017,3.56,3.59,3.47,3.53,798835
APT,28 Aug 2017,3.62,3.725,3.53,3.54,772445
APT,25 Aug 2017,3.32,3.64,3.31,3.6,1787174
APT,24 Aug 2017,3.09,3.24,3.05,3.24,2201751
APT,23 Aug 2017,3.09,3.11,3.08,3.09,457114
APT,22 Aug 2017,3.09,3.13,3.07,3.09,1163605
APT,21 Aug 2017,3.06,3.1,3.06,3.09,1255210
APT,18 Aug 2017,3,3.05,2.94,3.05,202072
APT,17 Aug 2017,3.02,3.04,2.98,3,358010
APT,16 Aug 2017,3,3.01,2.94,3.01,104383
APT,15 Aug 2017,3.04,3.05,2.95,3,93835
APT,11 Aug 2017,3.01,3.01,2.96,2.97,176465
APT,10 Aug 2017,3.05,3.07,3.01,3.04,201082
APT,09 Aug 2017,3.06,3.08,3.03,3.05,124166
APT,07 Aug 2017,3.07,3.07,3.03,3.07,185869
APT,03 Aug 2017,3.05,3.07,3.01,3.05,67434
APT,02 Aug 2017,3.08,3.08,3.03,3.05,100719
APT,01 Aug 2017,3.1,3.1,3.05,3.08,134267
APT,31 Jul 2017,3.08,3.1,3.05,3.1,172067
APT,28 Jul 2017,3.09,3.1,3.05,3.08,218704
APT,27 Jul 2017,3.09,3.1,3.05,3.09,115770
APT,26 Jul 2017,3.06,3.1,3.06,3.09,87030
APT,25 Jul 2017,3.04,3.1,3.02,3.06,151920
APT,24 Jul 2017,3.1,3.1,3.02,3.02,254877
APT,21 Jul 2017,3.07,3.1,3.07,3.1,164878
APT,20 Jul 2017,3.1,3.1,3.07,3.07,354679
APT,21 Feb 2019,17.45,17.76,16.65,17.01,3659605
APT,22 Feb 2019,16.79,17.48,16.61,17.2,1610139
APT,25 Feb 2019,20,20.69,18.95,20.5,6438221
APT,28 Oct 2019,29.6,29.77,28.53,28.65,1809590
APT,26 Feb 2019,18.9,20,17.8,18.15,6442900
APT,27 Feb 2019,18.6,18.9,17.38,17.64,4282570
APT,01 Nov 2019,28.52,28.53,27.15,27.45,2090158
APT,04 Nov 2019,27.8,27.95,27.01,27.38,1752390
APT,06 Nov 2019,27.1,27.13,25.83,25.94,2000295
APT,01 Mar 2019,18.5,19.98,18.42,19.57,4942296
APT,08 Nov 2019,26.73,27.39,26.35,26.97,2046426
APT,06 Mar 2019,20.1,20.13,19.45,19.54,2291556
APT,07 Mar 2019,19.38,19.84,18.96,19.06,2616499
APT,11 Mar 2019,19.65,20.45,19.6,20.21,2270563
APT,14 Mar 2019,20.61,20.84,20.1,20.8,1480493
APT,15 Mar 2019,20.9,21.1,20.34,20.55,2174157
APT,18 Mar 2019,20.76,21.08,20.28,20.6,1705669
APT,19 Mar 2019,20.77,20.8,20.19,20.63,1404118
APT,22 Mar 2019,20.72,21,20.58,20.65,896123
APT,25 Mar 2019,20.15,20.2,19.45,19.55,2265707
APT,26 Mar 2019,19.46,19.75,19.28,19.6,1090318
APT,27 Mar 2019,19.62,20.08,19.61,19.97,1169746
APT,29 Mar 2019,20.5,21.04,20.5,20.95,1860996
APT,01 Apr 2019,21.21,22.59,21.21,22.39,2837087
APT,02 Apr 2019,23,23.67,22.9,23.4,2830712
APT,04 Apr 2019,23.3,23.65,23.16,23.5,1147712
APT,05 Apr 2019,23.7,24.72,23.65,24.4,2529197
APT,08 Apr 2019,24.8,25.17,24.02,24.23,2260421
APT,09 Apr 2019,24.41,24.89,24.11,24.66,1830871
APT,10 Apr 2019,24.8,25.35,24.71,25.03,2431979
APT,11 Apr 2019,25.21,25.59,24.98,25.55,1638703
APT,12 Apr 2019,25.75,25.85,25.21,25.3,1824016
APT,15 Apr 2019,25.46,25.58,24.23,24.99,1859038
APT,16 Apr 2019,24.78,25.15,24.34,24.8,2123924
APT,17 Apr 2019,24.85,24.98,23.34,23.34,2557156
APT,18 Apr 2019,22.99,23.1,22.4,22.81,2264890
APT,30 Apr 2019,25.5,25.7,25.3,25.59,1475299
APT,06 May 2019,27.3,27.63,26.15,27.5,1859484
APT,07 May 2019,28,28.7,27.9,28.46,1728688
APT,08 May 2019,27.8,27.88,26.51,26.56,2700758
APT,09 May 2019,26.95,27.5,26.12,26.43,1811214
APT,10 May 2019,26.5,26.75,25.7,26.21,1417204
APT,13 May 2019,26,26.45,25.58,26.17,911571
APT,14 May 2019,25.15,26.09,24.69,26,1600326
APT,15 May 2019,26.35,26.82,26.04,26.14,1010297
APT,16 May 2019,26.08,26.46,24.96,25.46,1978730
APT,17 May 2019,25.85,26.73,25.5,25.6,1705516
APT,20 May 2019,26.4,26.5,25.42,25.97,902985
APT,22 May 2019,24.72,24.98,24.08,24.38,1590777
APT,23 May 2019,24.23,25.22,24.23,25.08,1061611
APT,24 May 2019,24.66,24.73,23.86,23.98,1101851
APT,27 May 2019,23.99,24.39,23.75,23.93,785630
APT,28 May 2019,24.06,24.93,24.06,24.93,2232855
APT,29 May 2019,24.53,25.18,24.52,25.05,830626
APT,30 May 2019,24.61,24.94,24,24.04,1132915
APT,31 May 2019,23.97,24.49,23.33,24.15,1082797
APT,03 Jun 2019,23.68,23.91,22.89,23.18,1769764
APT,04 Jun 2019,22.75,23.05,22.27,22.32,1950542
APT,05 Jun 2019,23.03,24.57,22.95,23.9,2427155
APT,06 Jun 2019,25.01,25.2,22.96,23.45,3680154
APT,11 Jun 2019,24.17,24.17,24.17,24.17,0
APT,12 Jun 2019,24.6,26.49,24.4,25.64,6517721
APT,13 Jun 2019,23.98,24.8,21.93,22.55,7689433
APT,14 Jun 2019,22.79,23.1,20.96,21.59,5402663
APT,17 Jun 2019,21.01,21.29,19.98,20.27,4561013
APT,18 Jun 2019,20.2,21.84,20.02,21.27,4091580
APT,19 Jun 2019,22.36,22.65,21.71,22.06,3045800
APT,20 Jun 2019,22.35,23.49,22.3,23.49,2321569
APT,21 Jun 2019,23.74,24.15,23.1,23.85,5709674
APT,24 Jun 2019,23.5,24.8,23.4,24.78,2750620
APT,25 Jun 2019,24.52,25.72,24.39,25.72,3356474
APT,26 Jun 2019,25.87,27.39,25.73,27.14,4306862
APT,27 Jun 2019,27,27.9,26.68,27.83,3253764
APT,28 Jun 2019,27.99,28.76,23.95,25.07,6145257
APT,01 Jul 2019,22.52,24.68,22.5,24.4,7910243
APT,03 Jul 2019,26.35,26.9,25.88,26.39,2151694
APT,04 Jul 2019,26.45,27.47,26.23,27,2211668
APT,08 Jul 2019,26.6,27.39,26.25,27,1259149
APT,09 Jul 2019,26.45,26.76,25.6,25.69,2111789
APT,10 Jul 2019,25.77,26.38,25.38,25.59,2132393
APT,11 Jul 2019,25.59,25.94,25.07,25.49,1230740
APT,12 Jul 2019,25.53,25.61,24.285,24.48,2008837
APT,15 Jul 2019,24.38,24.5,23.62,23.79,1980453
APT,16 Jul 2019,24,24.39,23.51,23.59,1085764
APT,17 Jul 2019,23.55,24.27,23.3,23.81,1079984
APT,18 Jul 2019,23.82,24.12,23.48,23.52,1075810
APT,19 Jul 2019,23.41,24.3,23.4,24.02,1641536
APT,22 Jul 2019,24.1,24.6,23.62,23.67,1103580
APT,24 Jul 2019,24.94,25.7,24.83,25.31,1795275
APT,25 Jul 2019,25.55,25.98,25.06,25.93,1355607
APT,26 Jul 2019,25.7,26.3,25.21,26.14,2203146
APT,29 Jul 2019,26.47,27.22,26.42,27.18,2035111
APT,30 Jul 2019,27.3,27.5,26.46,26.61,1787172
APT,31 Jul 2019,26.49,27.08,26.45,26.74,1154255
APT,05 Aug 2019,25.65,25.87,23.41,23.5,2071440
APT,06 Aug 2019,21.5,22.92,21.2,22.34,5099117
APT,07 Aug 2019,23,23.45,22.4,22.48,3030118
APT,08 Aug 2019,22.5,23.08,22.15,22.78,1847200
APT,09 Aug 2019,24.4,24.9,23.35,24.17,3440710
APT,13 Aug 2019,23.39,23.71,23.34,23.55,1918278
APT,14 Aug 2019,23.99,24.69,23.86,24.65,1821664
APT,19 Aug 2019,23.76,24.285,23.71,24.27,1685870
APT,20 Aug 2019,24.71,25.18,24.43,25.02,3456206
APT,21 Aug 2019,24.51,24.79,23.92,24.06,1985724
APT,22 Aug 2019,24.57,24.92,24.21,24.69,2527858
APT,23 Aug 2019,24.8,24.93,24.24,24.54,1030354
APT,26 Aug 2019,23.3,24.23,23.26,24,1443122
APT,27 Aug 2019,24.65,26,24.52,25.87,2821343
APT,28 Aug 2019,26.3,28.28,25.9,28.28,6108571
APT,29 Aug 2019,28.61,29.68,27.52,29.62,3926796
APT,30 Aug 2019,29.87,31.07,29.72,30.98,4018453
APT,02 Sep 2019,30.9,31.46,30.53,31.38,1945385
APT,04 Sep 2019,31.38,32.05,30.86,31.81,2516825
APT,05 Sep 2019,32.03,33.07,32.03,32.56,2824512
APT,06 Sep 2019,33.28,33.91,33.11,33.88,2353447
APT,10 Sep 2019,33.25,33.34,32.2,32.47,2334600
APT,11 Sep 2019,31.98,32.23,31.08,32.1,3054920
APT,12 Sep 2019,32.58,33.19,31.62,31.8,3817036
APT,13 Sep 2019,32.29,32.6,31.77,31.94,1293155
APT,16 Sep 2019,31.6,32.66,31.6,32,2610419
APT,19 Sep 2019,32.4,32.99,32.31,32.79,1650343
APT,20 Sep 2019,33.02,33.635,32.9,33.05,4548948
APT,27 Sep 2019,35.8,36.62,35.69,36.57,2295547
APT,02 Oct 2019,34.55,35.98,34.55,35.36,1599975
APT,03 Oct 2019,34.36,34.48,33.37,34.29,2681591
APT,04 Oct 2019,34.6,34.8,34.065,34.15,1705048
APT,07 Oct 2019,34.5,35.28,34.38,34.92,1223637
APT,08 Oct 2019,34.68,34.82,33.43,34.65,1833909
APT,09 Oct 2019,33.7,35.02,33.38,34.88,3629467
APT,10 Oct 2019,34.92,35.54,34.88,35.07,1902151
APT,14 Oct 2019,35.99,36.34,35.83,36.1,1948388
APT,15 Oct 2019,37,37.41,36.395,36.56,1650819
APT,16 Oct 2019,36.09,36.1,33.5,33.92,4847500
APT,17 Oct 2019,33.89,33.98,31.64,31.98,7005111
APT,18 Oct 2019,31.33,31.62,29.21,29.65,6075511
APT,21 Oct 2019,27.99,29.3,27.25,28.66,5078134
APT,22 Oct 2019,28.7,29.53,28.64,29.21,3208464
APT,23 Oct 2019,29.44,30.23,29.13,29.78,2577088
APT,24 Oct 2019,30.5,30.73,28.68,29.01,3447345
APT,25 Oct 2019,29.5,30.17,29.3,29.3,2048241
APT,29 Oct 2019,28.73,29.25,28.3,29.1,1291367
APT,30 Oct 2019,29.22,29.41,28.08,28.24,1238820
APT,31 Oct 2019,28.5,29.05,28.28,28.86,1206147
APT,05 Nov 2019,27.26,27.76,26.74,27.13,1419134
APT,07 Nov 2019,26.25,26.73,25.73,26.24,2275321
APT,11 Nov 2019,28.06,28.57,27.84,28.2,3160537
APT,17 Sep 2019,31.98,32.22,31.26,31.58,2879602
APT,18 Sep 2019,31.88,32.78,31.75,32.28,1719802
APT,23 Sep 2019,33.49,33.49,31.72,32.23,2087711
APT,24 Sep 2019,32.23,32.51,31.55,31.77,2139596
APT,25 Sep 2019,33.35,36.65,32.81,36,4207856
APT,26 Sep 2019,36.34,37.12,35.26,35.52,2307699
APT,30 Sep 2019,36.57,36.9,35.67,35.87,1554464
APT,01 Oct 2019,35.86,35.87,34.75,35.29,2005912
APT,11 Oct 2019,35.25,35.71,34.965,35.12,1519760
APT,30 Dec 2019,30.7,30.85,29.9,30.11,794920
APT,31 Dec 2019,29.75,29.99,29.04,29.28,2097917
APT,02 Jan 2020,29.28,30.71,29.28,30.63,1262345
APT,03 Jan 2020,30.98,31.17,30.18,30.27,1307590
APT,06 Jan 2020,30,30.14,29.49,29.99,976326
APT,07 Jan 2020,30.26,30.54,29.935,30.41,923611
APT,08 Jan 2020,30.42,30.5,29.22,30.08,1399559
APT,09 Jan 2020,30.68,31.15,30.47,30.57,1157840
APT,10 Jan 2020,30.96,31.34,30.47,31.13,1395336
APT,13 Jan 2020,31,32.74,30.66,32.53,2141614
APT,14 Jan 2020,32.93,33.94,32.8,33.2,1653432
APT,15 Jan 2020,33.4,33.52,32.75,32.8,1041115
APT,16 Jan 2020,33.2,33.43,32.96,33.24,791115
APT,17 Jan 2020,33.45,33.79,33.02,33.22,1555591
APT,20 Jan 2020,33.47,34.19,33.45,34,1554336
APT,21 Jan 2020,34.19,34.35,33.71,34.33,1363915
APT,22 Jan 2020,34.59,35.18,34.45,34.82,2322339
APT,23 Jan 2020,34.83,36.18,34.41,36.12,1859330
APT,24 Jan 2020,36.42,37.15,36.25,37,1717260
APT,28 Jan 2020,34.8,36.98,34.5,36.7,2704127
APT,29 Jan 2020,36.85,38.06,36.83,37.99,1894902
APT,30 Jan 2020,37.94,38.36,37.47,37.8,1912118
APT,31 Jan 2020,37.98,38.69,37.9,38.55,2157988
APT,03 Feb 2020,37.57,38.3,37.15,38.06,1712505
APT,04 Feb 2020,38.5,39.98,38.39,39.88,2086097
APT,05 Feb 2020,40.15,40.73,38.6,39.2,2354848
APT,06 Feb 2020,39.7,39.86,38.15,38.99,2866647
APT,07 Feb 2020,38.88,39.64,38.46,39.44,2047074
APT,10 Feb 2020,39.33,39.75,38.36,38.52,1653058
APT,11 Feb 2020,38.75,39.43,38.55,39.39,1166962
APT,12 Feb 2020,39.07,39.27,38.48,38.61,1620208
APT,13 Feb 2020,38.55,39.12,38.49,38.56,1012715
APT,14 Feb 2020,38.5,38.95,38.05,38.61,1736907
APT,17 Feb 2020,38.71,39.87,38.63,39.52,3134249
APT,18 Feb 2020,39.55,39.96,38.81,39.87,1508460
APT,19 Feb 2020,39.85,40.61,39.31,40.5,1368093
APT,20 Feb 2020,41,41.14,38.88,39.26,2194115
APT,21 Feb 2020,39.28,39.7,38.35,38.99,1597142
APT,24 Feb 2020,38.05,38.61,36.95,36.97,1656175
APT,25 Feb 2020,35,37.69,34.5,37.03,3887959
APT,26 Feb 2020,35.73,36.4,35.2,35.97,2866143
APT,27 Feb 2020,34.5,38.35,33.47,36.47,4289724
APT,28 Feb 2020,34,34.24,32.08,33.17,8773321
APT,02 Mar 2020,32.18,33.35,31.3,32.64,4427629
APT,03 Mar 2020,34,35.35,33.99,34.66,4153693
APT,04 Mar 2020,33.5,34.38,33.19,33.19,2248614
APT,05 Mar 2020,34.31,34.68,33.69,34.37,3074902
APT,06 Mar 2020,33.54,34.11,32.85,32.94,1864890
APT,09 Mar 2020,31.14,32.28,26.7,27.63,6581411
APT,10 Mar 2020,26.3,30.11,26.23,29.58,6016771
APT,11 Mar 2020,29.95,30.47,27.03,27.03,4963401
APT,12 Mar 2020,26.27,27.1,20.88,23.88,11011692
APT,13 Mar 2020,21,24.16,20.4,23.24,10082440
APT,16 Mar 2020,21.5,22.24,19.92,19.92,7420245
APT,17 Mar 2020,18,20.45,17.89,19.06,11205162
APT,18 Mar 2020,18.4,18.73,11.92,12.76,14676342
APT,19 Mar 2020,12.9,13.09,9.57,9.9,17918363
APT,20 Mar 2020,10.97,16,10.9,12.44,19173478
APT,23 Mar 2020,9.96,10.4,8.01,8.9,18875305
APT,24 Mar 2020,9.87,12.19,9.05,11.21,11619998
APT,25 Mar 2020,15,16.58,13.58,15,13243615
APT,26 Mar 2020,15.49,20.13,14.95,19.41,14408454
APT,27 Mar 2020,22.15,23.88,17.13,19.1,16892647
APT,30 Mar 2020,18,19.38,17.02,18.4,7373749
APT,31 Mar 2020,20.55,20.75,17.94,18.8,8433637
APT,01 Apr 2020,19.85,20.66,19.43,20.66,7550906
APT,02 Apr 2020,19.85,21.7,19.71,20.15,5916720
APT,03 Apr 2020,20.75,21.13,19.41,19.55,6116889
APT,06 Apr 2020,20,20.42,19.67,20.12,7437333
APT,07 Apr 2020,21,21.89,20.8,21.06,5008795
APT,08 Apr 2020,20.58,20.72,19.67,19.88,4822808
APT,09 Apr 2020,20.8,22.1,20.4,22,3995274
APT,14 Apr 2020,24.1,28.44,23.72,28.4,7785053
APT,15 Apr 2020,28,28.2,26.25,27.88,7036955
APT,16 Apr 2020,26.2,27.47,25.9,27.28,5000856
APT,17 Apr 2020,28.6,30.36,28.6,29,5875612
APT,20 Apr 2020,28.8,29.63,28.08,29,4022044
APT,21 Apr 2020,28.45,29.03,27.19,27.32,4544126
APT,22 Apr 2020,26.5,27.13,25.67,26.57,4607128
APT,23 Apr 2020,27.25,27.65,26.6,27.15,3441190
APT,24 Apr 2020,27,27.58,26.85,27.01,2364336
APT,27 Apr 2020,27.3,27.98,26.95,27.75,2490798
APT,28 Apr 2020,27.99,28.5,27.9,28.31,2123047
APT,29 Apr 2020,28.38,28.43,27.715,28.15,3607748
APT,30 Apr 2020,28.89,31.45,28.76,31.2,5934586
APT,01 May 2020,29.75,30.31,28.8,29.16,4389812
APT,04 May 2020,38,39.59,32.5,36.1,10338198
APT,05 May 2020,36.9,38.18,36.48,38.18,4142140
APT,06 May 2020,38.51,39.95,38.51,39.8,2881542
APT,07 May 2020,39.21,39.73,38.52,39.5,2356639
APT,08 May 2020,39.28,40,39.13,39.88,2767830
APT,11 May 2020,39.9,43.68,39.84,42.17,3677206
APT,12 May 2020,42.5,43.18,40.7,41.68,3852252
APT,13 May 2020,40.49,43.5,39.7,43.46,4676501
APT,14 May 2020,41.96,43.6,41.53,41.65,2504456
APT,15 May 2020,42.4,42.67,40.76,41.2,2895943
APT,18 May 2020,42.36,42.6,41.5,42.31,1922681
APT,19 May 2020,43.1,43.33,41.71,42,2347223
APT,20 May 2020,41.75,43.4,41.68,42.89,2140591
APT,21 May 2020,44.2,45.17,43.68,44,3316651
APT,22 May 2020,44.25,45.04,44.11,44.51,2562240
APT,25 May 2020,45.02,49,45.02,48.5,3365690
APT,26 May 2020,49,50.01,48.52,49.11,3639200
APT,27 May 2020,48.48,48.6,44.87,45.25,5796090
APT,28 May 2020,46.5,46.9,45.38,46.09,3539499
APT,29 May 2020,46.85,47.57,46.15,47.41,24439242
APT,01 Jun 2020,46.53,48.1,46.53,47.75,2732777
APT,02 Jun 2020,48.22,49.52,48.02,49.52,3449017
APT,03 Jun 2020,50.12,52.29,50.02,52.26,2924104
APT,04 Jun 2020,53.5,53.81,51.92,52.2,3448569
APT,05 Jun 2020,51.99,52.41,50.15,50.61,2856264
APT,09 Jun 2020,51.25,51.58,50.39,50.7,2949883
APT,10 Jun 2020,50.69,54.85,50.56,54.52,3581421
APT,11 Jun 2020,52.6,53.64,51.84,52.1,2721178
APT,12 Jun 2020,49,52.65,47.09,51.86,4254124
APT,15 Jun 2020,52,54.63,51.04,51.16,3108059
APT,16 Jun 2020,53.71,57.07,53.6,56.52,3606092
APT,17 Jun 2020,57,58.46,56.35,57.73,2769552
APT,18 Jun 2020,58.43,59.64,57.65,57.84,2422807
APT,19 Jun 2020,58,58.99,56.95,58.69,4301340
APT,22 Jun 2020,57.71,58.79,56.74,57.94,1447243
APT,23 Jun 2020,58.18,59.6,56.85,59.17,1906196
APT,24 Jun 2020,60.06,62.33,59.33,59.38,2644823
APT,25 Jun 2020,57.86,58.79,56.01,56.92,2859391
APT,26 Jun 2020,58.3,58.86,56.29,57,2299450
APT,29 Jun 2020,55.44,58,55.3,56.9,1564394
APT,30 Jun 2020,58.27,61.3,57.44,60.99,3256850
APT,01 Jul 2020,60.49,63.9,59.66,62.24,2559434
APT,02 Jul 2020,64.2,68.62,63.91,68.16,2818784
APT,03 Jul 2020,68.27,70,66.58,67.5,2563465
APT,06 Jul 2020,67.7,68.8,67.55,68,1407381
APT,07 Jul 2020,0,0,0,0,0
APT,08 Jul 2020,66.5,67.5,65.31,66,8083523
APT,09 Jul 2020,68,75.26,66.91,73.5,5272236
APT,10 Jul 2020,73.51,76.62,72.01,72.31,3558277
APT,13 Jul 2020,74.21,75,69.07,71.74,3328978
APT,14 Jul 2020,68.8,69.89,65.55,66.55,3460584
APT,15 Jul 2020,69.01,70.49,67.66,68.16,3361154
APT,16 Jul 2020,69.5,69.59,67.21,67.44,2626181
APT,17 Jul 2020,67.25,69.06,66.16,67.37,2700416
APT,20 Jul 2020,67.37,69.77,67.37,69.49,2156609
APT,21 Jul 2020,71.47,75.65,71.32,75.05,2870504
APT,22 Jul 2020,74.34,75,71.75,72.5,1723097
APT,23 Jul 2020,71.76,73.27,71.14,72,1509783
APT,24 Jul 2020,70.61,70.94,69.26,69.81,1847158
APT,27 Jul 2020,69.23,71.84,68.7,70.27,1626068
APT,28 Jul 2020,71.43,71.62,68.51,68.57,1510683
APT,29 Jul 2020,68.03,68.32,66.78,67.77,1603335
APT,30 Jul 2020,68.41,70.28,68.22,68.82,1491548
APT,31 Jul 2020,69.45,70.14,68.13,68.54,1309505
APT,03 Aug 2020,68.5,68.72,65.53,66.5,2182769
APT,04 Aug 2020,68.5,71.52,67.91,70.8,2127951
APT,05 Aug 2020,70.13,71.32,69.66,71,1086855
APT,06 Aug 2020,71.4,72.4,70.72,71.26,1089883
APT,07 Aug 2020,71.25,71.42,70.18,70.7,2626875
APT,10 Aug 2020,70,73.01,69.6,72.54,1616583
APT,11 Aug 2020,72,72.35,69.7,70.18,5252392
APT,12 Aug 2020,69.71,71.79,69,71.05,1729222
APT,13 Aug 2020,71.95,74.25,71.05,71.29,1950561
APT,14 Aug 2020,71.1,75.8,71.1,75.8,1957534
APT,17 Aug 2020,75.75,75.8,73.66,73.78,1394682
APT,18 Aug 2020,74.64,76.34,74.11,75,1508494
APT,19 Aug 2020,76.35,77,74.9,74.9,2027639
APT,20 Aug 2020,80.77,82,79.08,79.98,3070706
APT,21 Aug 2020,81.5,82,78.9,78.95,2160551
APT,24 Aug 2020,81.39,83,80.65,82.73,1965325
APT,25 Aug 2020,85,93.5,84.92,92.48,2799172
APT,26 Aug 2020,91.66,92.19,88.97,90.72,3370009
APT,27 Aug 2020,93.99,95.97,85.02,91.26,3546928
APT,28 Aug 2020,90.6,91.26,86.61,88.75,2609948
APT,31 Aug 2020,88,93.26,87.44,91.44,2407904
APT,01 Sep 2020,89.08,90.51,82.6,84.09,6263238
APT,02 Sep 2020,83.69,83.92,73.68,82.5,5412950
APT,03 Sep 2020,84.36,86.48,82.17,83.79,2525735
APT,04 Sep 2020,77.02,80.85,76.13,78.2,2979209
APT,07 Sep 2020,76.55,77.8,74.56,76.35,2457661
APT,08 Sep 2020,77.15,77.75,74.76,75.04,1770690
APT,09 Sep 2020,70.7,74.93,70.06,74.05,3468179
APT,10 Sep 2020,76.79,77.6,75.16,75.63,2238387
APT,11 Sep 2020,73.79,75.04,72.8,73.87,2088194
APT,14 Sep 2020,73.85,75,70.21,72.58,2583561
APT,15 Sep 2020,73.98,75.79,73.5,75.01,1913901
APT,16 Sep 2020,75.85,78.38,75.55,78.03,2159905
APT,17 Sep 2020,77.52,77.745,73.84,73.84,2502545
APT,18 Sep 2020,74.03,76.66,74.03,75.8,3039259
APT,21 Sep 2020,76.3,76.43,74.51,74.86,1138413
APT,22 Sep 2020,74.31,76.77,74.01,76.54,1248040
APT,23 Sep 2020,77.88,81.08,77.71,78.73,2611296
APT,24 Sep 2020,75.69,76.3,73.82,74.14,1779823
APT,25 Sep 2020,75.25,76,72.77,75.95,1542943
APT,28 Sep 2020,76.5,80.3,75.98,79.8,1370956
APT,29 Sep 2020,81.01,82.7,81.01,81.78,1671180
APT,30 Sep 2020,80.88,81.61,79.9,79.99,1721906
APT,01 Oct 2020,81.85,82.89,80.32,80.45,1267794
APT,02 Oct 2020,81.62,83.44,79.04,79.65,1764322
APT,05 Oct 2020,81.01,82.28,78.59,79.52,1340788
APT,06 Oct 2020,81.24,84.2,79.64,83.48,1412123
APT,07 Oct 2020,83.45,85.84,82.57,84.84,1071845
APT,08 Oct 2020,85.9,87.37,85.31,87.05,1485953
APT,09 Oct 2020,87.9,89.51,87.2,89.51,1384184
APT,12 Oct 2020,89.88,92.17,89.03,92,1824057
APT,13 Oct 2020,93.94,96.08,93.4,94.46,2813792
APT,14 Oct 2020,96.11,98.68,94.9,96.09,2210539
APT,15 Oct 2020,96.7,96.7,94.15,95,1493382
APT,16 Oct 2020,94.7,97.16,94.36,96.72,1722064
APT,19 Oct 2020,97.01,98.3,96.85,97.54,907994
APT,20 Oct 2020,98.7,105.8,98.38,101.94,2632273
APT,21 Oct 2020,103.15,104.42,99.54,101.32,2399826
APT,22 Oct 2020,99,101.42,97.9,101.06,1341883
APT,23 Oct 2020,101.89,102.64,100.71,102.13,1172928
APT,26 Oct 2020,102.51,105.4,100.76,100.76,1301330
APT,27 Oct 2020,98.02,98.5,95.6,95.98,1661197
APT,28 Oct 2020,95.9,103.8,95.6,102.97,1969937
APT,29 Oct 2020,100.01,100.34,97.62,99.55,1511549
APT,30 Oct 2020,100.67,102,96.37,96.69,1572818
APT,02 Nov 2020,96.5,98.77,95.77,98.27,1025633
APT,03 Nov 2020,99.7,101.9,98.87,99.13,1231196
APT,04 Nov 2020,101,101.89,97.1,100.75,2466615
APT,05 Nov 2020,103.4,104.37,102.26,103.25,1557017
APT,06 Nov 2020,104.94,105.2,99.28,100.5,1356126
APT,09 Nov 2020,102,105,101.98,104.53,2469392
APT,10 Nov 2020,101.9,101.9,91.62,93.18,4229212
APT,11 Nov 2020,93.45,96.1,89.27,96.04,2776280
APT,12 Nov 2020,0,0,0,0,0
